Nom Société,Date_Creation,Ville,Id_CTHS
Académie chablaisienne,1886-01-01T01:00:00Z,Thonon-les-Bains,https://cths.fr/an/societe.php?id=632
Académie d'agriculture de France (AAF),1761-01-01T01:00:00Z,Paris,https://cths.fr/an/societe.php?id=502
"Académie d'agriculture, sciences, arts et belles-lettres d'Orléans",1809-01-01T01:00:00Z,Orléans,https://cths.fr/an/societe.php?id=1641
Académie d'Arcadie,1690-01-01T01:00:00Z,Le Mont-Saint-Adrien,https://cths.fr/an/societe.php?id=3069
Académie d'architecture,1840-01-01T01:00:00Z,Paris,https://cths.fr/an/societe.php?id=466
Académie d'Auxerre,1749-01-01T01:00:00Z,Auxerre,https://cths.fr/an/societe.php?id=2816
Académie de Castres,1648-01-01T01:00:00Z,Castres,https://cths.fr/an/societe.php?id=100310
Académie de la Val d'Isère (ADVI),1865-01-01T01:00:00Z,Moûtiers,https://cths.fr/an/societe.php?id=21
Académie de législation,1851-01-01T01:00:00Z,Toulouse,https://cths.fr/an/societe.php?id=269
Académie de médecine,1820-01-01T01:00:00Z,Paris,https://cths.fr/an/societe.php?id=345
Académie de Montauban ,1730-01-01T01:00:00Z,Montauban,https://cths.fr/an/societe.php?id=1582
Académie de Nîmes,1635-01-01T01:00:00Z,Nîmes,https://cths.fr/an/societe.php?id=247
Académie de Stanislas,1750-01-01T01:00:00Z,Nancy,https://cths.fr/an/societe.php?id=151
Académie de Trévoux,1707-01-01T01:00:00Z,Trévoux,https://cths.fr/an/societe.php?id=2839
Académie de Vaucluse,1801-01-01T01:00:00Z,Avignon,https://cths.fr/an/societe.php?id=1561
Académie de Versailles et d'Île-de-France,1834-01-01T01:00:00Z,Versailles,https://cths.fr/an/societe.php?id=1457
Académie de Villefranche et du Beaujolais,1677-01-01T01:00:00Z,Villefranche-sur-Saône,https://cths.fr/an/societe.php?id=635
Académie delphinale,1772-01-01T01:00:00Z,Grenoble,https://cths.fr/an/societe.php?id=611
Académie des arts et belles-lettres d'Arles (Académie d'Arles),1666-01-01T01:00:00Z,Arles,https://cths.fr/an/societe.php?id=575
Académie des arts et sciences de Carcassonne,1836-01-01T01:00:00Z,Carcassonne,https://cths.fr/an/societe.php?id=243
Académie des beaux-arts,1803-01-01T01:00:00Z,Paris,https://cths.fr/an/societe.php?id=507
Académie des belles-lettres de Corse,1749-01-01T01:00:00Z,Bastia,https://cths.fr/an/societe.php?id=100347
"Académie des belles-lettres, sciences et arts de La Rochelle",1732-01-01T01:00:00Z,La Rochelle,https://cths.fr/an/societe.php?id=682
Académie des inscriptions et belles-lettres (AIBL),1663-01-01T01:00:00Z,Paris,https://cths.fr/an/societe.php?id=394
Académie des jeux floraux,1323-01-01T01:00:00Z,Toulouse,https://cths.fr/an/societe.php?id=543
Académie des Lincei,1603-01-01T01:00:00Z,Le Mont-Saint-Adrien,https://cths.fr/an/societe.php?id=4147
Académie des muses santones,1875-01-01T01:00:00Z,Saint-Jean-d'Angély,https://cths.fr/an/societe.php?id=100688
Académie des sciences ,1640-01-01T01:00:00Z,Paris,https://cths.fr/an/societe.php?id=506
Académie des sciences de l'Institut de Bologne,1690-01-01T01:00:00Z,Bologne,https://cths.fr/an/societe.php?id=4470
Académie des sciences et lettres de Montpellier,1706-01-01T01:00:00Z,Montpellier,https://cths.fr/an/societe.php?id=1119
Académie des sciences morales et politiques (ASMP),1795-01-01T01:00:00Z,Paris,https://cths.fr/an/societe.php?id=2797
"Académie des sciences, agriculture, art et belles-lettres d'Aix-en-Provence",1808-01-01T01:00:00Z,Aix-en-Provence,https://cths.fr/an/societe.php?id=2320
"Académie des sciences, arts et belles-lettres de Caen",1652-01-01T01:00:00Z,Caen,https://cths.fr/an/societe.php?id=1711
"Académie des sciences, arts et belles-lettres de Dijon",1725-01-01T01:00:00Z,Dijon,https://cths.fr/an/societe.php?id=1848
"Académie des sciences, arts et belles-lettres de Mâcon (Académie de Mâcon)",1805-01-01T01:00:00Z,Mâcon,https://cths.fr/an/societe.php?id=815
"Académie des sciences, arts et belles-lettres de Touraine (Académie de Touraine)",1761-01-01T01:00:00Z,Tours,https://cths.fr/an/societe.php?id=1627
"Académie des sciences, belles-lettres et arts de Besançon et de Franche-Comté",1752-01-01T01:00:00Z,Besançon,https://cths.fr/an/societe.php?id=1718
"Académie des sciences, belles-lettres et arts de Clermont-Ferrand (ACAD-SBLA)",1747-01-01T01:00:00Z,Clermont-Ferrand,https://cths.fr/an/societe.php?id=1615
"Académie des sciences, belles-lettres et arts de Lyon (SBLA-Lyon)",1700-01-01T01:00:00Z,Lyon,https://cths.fr/an/societe.php?id=1584
"Académie des sciences, belles-lettres et arts de Rouen (Académie de Rouen)",1744-01-01T01:00:00Z,Rouen,https://cths.fr/an/societe.php?id=1516
"Académie des sciences, belles-lettres et arts de Savoie (Académie de Savoie)",1820-01-01T01:00:00Z,Chambéry,https://cths.fr/an/societe.php?id=9
"Académie des sciences, belles-lettres et arts d’Angers (Académie d'Angers)",1685-01-01T01:00:00Z,Angers,https://cths.fr/an/societe.php?id=1583
"Académie des sciences, inscriptions et belles-lettres de Toulouse (ASIBL)",1640-01-01T01:00:00Z,Toulouse,https://cths.fr/an/societe.php?id=270
"Académie des sciences, lettres et arts d'Agen",1776-01-01T01:00:00Z,Agen,https://cths.fr/an/societe.php?id=116
"Académie des sciences, lettres et arts d'Amiens",1746-01-01T01:00:00Z,Amiens,https://cths.fr/an/societe.php?id=1493
"Académie des sciences, lettres et arts d'Arras (Académie d'Arras)",1737-01-01T01:00:00Z,Arras,https://cths.fr/an/societe.php?id=1274
"Académie des sciences, lettres et arts de Marseille (Académie de Marseille)",1726-01-01T01:00:00Z,Marseille,https://cths.fr/an/societe.php?id=199
"Académie drômoise des lettres, sciences et arts",1784-01-01T01:00:00Z,Bourg-lès-Valence,https://cths.fr/an/societe.php?id=100475
Académie du Centre,1878-01-01T01:00:00Z,Châteauroux,https://cths.fr/an/societe.php?id=320
Académie du Var,1800-01-01T01:00:00Z,Toulon,https://cths.fr/an/societe.php?id=203
Académie florimontane d'Annecy,1607-01-01T01:00:00Z,Annecy,https://cths.fr/an/societe.php?id=1565
Académie française,1635-01-01T01:00:00Z,Paris,https://cths.fr/an/societe.php?id=2789
Académie Julien Sacaze,1888-01-01T01:00:00Z,Bagnères-de-Luchon,https://cths.fr/an/societe.php?id=546
Académie lorraine des sciences (ALS),1828-01-01T01:00:00Z,Nancy,https://cths.fr/an/societe.php?id=873
"Académie nationale agricole, manufacturière et commerciale",1830-01-01T01:00:00Z,Paris,https://cths.fr/an/societe.php?id=4625
Académie nationale de Metz (ANM),1757-01-01T01:00:00Z,Metz,https://cths.fr/an/societe.php?id=1770
Académie nationale de pharmacie,1796-01-01T01:00:00Z,Paris,https://cths.fr/an/societe.php?id=503
Académie nationale de Reims (ANR),1841-01-01T01:00:00Z,Reims,https://cths.fr/an/societe.php?id=75
"Académie nationale des sciences, belles-lettres et arts de Bordeaux",1712-01-01T01:00:00Z,Bordeaux,https://cths.fr/an/societe.php?id=957
Académie nationale des XL,1782-01-01T01:00:00Z,Le Mont-Saint-Adrien,https://cths.fr/an/societe.php?id=4036
"Académie réunionnaise des sciences, lettres et arts",1855-01-01T01:00:00Z,Saint-Denis,https://cths.fr/an/societe.php?id=100296
Académie royale d'architecture,1671-01-01T01:00:00Z,Paris,https://cths.fr/an/societe.php?id=100462
Académie royale de chirurgie,1731-01-01T01:00:00Z,Paris,https://cths.fr/an/societe.php?id=5077
Académie royale de marine,1752-01-01T01:00:00Z,Brest,https://cths.fr/an/societe.php?id=2338
Académie royale de musique,1749-01-01T01:00:00Z,Paris,https://cths.fr/an/societe.php?id=3072
Académie royale de peinture et de sculpture,1648-01-01T01:00:00Z,Paris,https://cths.fr/an/societe.php?id=3070
Académie royale des belles-lettres d'Angers,1685-01-01T01:00:00Z,Angers,https://cths.fr/an/societe.php?id=100809
Académie royale des inscriptions et belles-lettres,1663-01-01T01:00:00Z,Paris,https://cths.fr/an/societe.php?id=100677
Académie royale des sciences,1666-01-01T01:00:00Z,Paris,https://cths.fr/an/societe.php?id=100679
Académie royale des sciences et beaux-arts de Pau,1718-01-01T01:00:00Z,Pau,https://cths.fr/an/societe.php?id=100777
Académie royale des sciences et belles lettres de Béziers,1723-01-01T01:00:00Z,Béziers,https://cths.fr/an/societe.php?id=100741
Académie salésienne,1878-01-01T01:00:00Z,Annecy,https://cths.fr/an/societe.php?id=2
Académie vétérinaire de France (AVF),1844-01-01T01:00:00Z,Paris,https://cths.fr/an/societe.php?id=400
Agridées,1867-01-01T01:00:00Z,Paris,https://cths.fr/an/societe.php?id=100352
Alliance scientifique universelle ,1877-01-01T01:00:00Z,Paris,https://cths.fr/an/societe.php?id=100747
Alliance universitaire d'Auvergne,1884-01-01T01:00:00Z,Clermont-Ferrand,https://cths.fr/an/societe.php?id=2197
Amicale des anciens élèves de l'École polytechnique de Paris,1865-01-01T01:00:00Z,Paris,https://cths.fr/an/societe.php?id=3687
"Amis de l'Académie de sciences, arts et belles-lettres de Rouen",1752-01-01T01:00:00Z,Rouen,https://cths.fr/an/societe.php?id=3684
Amis du musée d'histoire de la médecine et de la pharmacie,1854-01-01T01:00:00Z,Lyon,https://cths.fr/an/societe.php?id=100235
Association bretonne,1843-01-01T01:00:00Z,Plouénan,https://cths.fr/an/societe.php?id=1911
Association d'historiens de l'Est,1887-01-01T01:00:00Z,Nancy,https://cths.fr/an/societe.php?id=2301
Association des industriels de France contre les accidents du travail,1883-01-01T01:00:00Z,Paris,https://cths.fr/an/societe.php?id=4467
Association des naturalistes de Levallois-Perret,1884-01-01T01:00:00Z,Levallois-Perret,https://cths.fr/an/societe.php?id=100321
Association des naturalistes des Yvelines (ANY),1832-01-01T01:00:00Z,Rocquencourt,https://cths.fr/an/societe.php?id=377
Association française de chirurgie,1884-01-01T01:00:00Z,Paris,https://cths.fr/an/societe.php?id=4354
Association française du gaz (AFAGAZ),1874-01-01T01:00:00Z,Neuilly-sur-Seine,https://cths.fr/an/societe.php?id=403
Association française pour l'avancement des sciences (AFAS),1872-01-01T01:00:00Z,Paris,https://cths.fr/an/societe.php?id=2554
Association générale des médecins de France (AGMF),1858-01-01T01:00:00Z,Paris,https://cths.fr/an/societe.php?id=4253
Association lyonnaise des amis des sciences naturelles,1872-01-01T01:00:00Z,Lyon,https://cths.fr/an/societe.php?id=100375
"Association normande pour le progrès de l'agriculture, l'industrie, les sciences et arts de Honfleur",1831-01-01T01:00:00Z,Honfleur,https://cths.fr/an/societe.php?id=1859
"Association normande pour les progrès de l'agriculture, de l'industrie et des arts de Caen (Association normande de CAen)",1831-01-01T01:00:00Z,Caen,https://cths.fr/an/societe.php?id=100042
Association philomathique d'Alsace et de Lorraine,1862-01-01T01:00:00Z,Strasbourg,https://cths.fr/an/societe.php?id=161
Association philotechnique Paris,1848-01-01T01:00:00Z,Paris,https://cths.fr/an/societe.php?id=4599
Association polytechnique pour le développement de l'instruction publique,1830-01-01T01:00:00Z,Paris,https://cths.fr/an/societe.php?id=100728
Association pour l'encouragement des études grecques en France (AEG),1867-01-01T01:00:00Z,Paris,https://cths.fr/an/societe.php?id=1506
Association pyrénéenne,1888-01-01T01:00:00Z,Toulouse,https://cths.fr/an/societe.php?id=100266
Association scientifique de France (AFAS),1864-01-01T01:00:00Z,Paris,https://cths.fr/an/societe.php?id=4540
"Athénée des arts, sciences, belles-lettres et industrie de Paris",1792-01-01T01:00:00Z,Paris,https://cths.fr/an/societe.php?id=100413
Athénée médical de Montpellier,1804-01-01T01:00:00Z,Montpellier,https://cths.fr/an/societe.php?id=100672
Bureau des longitudes ,1795-01-01T01:00:00Z,Paris,https://cths.fr/an/societe.php?id=100749
Bureau international de l'édition française (BIEF),1873-01-01T01:00:00Z,Paris,https://cths.fr/an/societe.php?id=5061
Casino commercial et littéraire,1814-01-01T01:00:00Z,Strasbourg,https://cths.fr/an/societe.php?id=1878
Caveau stéphanois,1883-01-01T01:00:00Z,Saint-Étienne-de-Saint-Geoirs,https://cths.fr/an/societe.php?id=1873
Centre beaunois d'études historiques-Société d'histoire et d'archéologie de Beaune (CBEH-SHAB),1851-01-01T01:00:00Z,Beaune,https://cths.fr/an/societe.php?id=799
Centre d'histoire de la résistance et de la déportation (CHRD),1867-01-01T01:00:00Z,Lyon,https://cths.fr/an/societe.php?id=1117
Centre international de documentation et de recherche du Petit Palais d'Avignon (CIDRPPA),1878-01-01T01:00:00Z,Avignon,https://cths.fr/an/societe.php?id=597
Cercle archéologique et historique de Valenciennes et de son arrondissement (CAHV),1831-01-01T01:00:00Z,Valenciennes,https://cths.fr/an/societe.php?id=1321
Cercle des prolétaires positivistes,1865-01-01T01:00:00Z,Paris,https://cths.fr/an/societe.php?id=100762
Cercle généalogique de Loir-et-Cher (CGLC),1000-01-01T01:00:00Z,Blois,https://cths.fr/an/societe.php?id=458
Club alpin français (FFCAM),1874-01-01T01:00:00Z,Paris,https://cths.fr/an/societe.php?id=100038
Club vosgien,1872-01-01T01:00:00Z,Strasbourg,https://cths.fr/an/societe.php?id=2050
Collège de pharmacie,1777-01-01T01:00:00Z,Paris,https://cths.fr/an/societe.php?id=5088
Collège international de neuropsychopharmacologie (CINP),1258-01-01T01:00:00Z,Vienne,https://cths.fr/an/societe.php?id=4959
Comité cantonal du Souvenir français de Champagney (LSF-Haute-Saône),1887-01-01T01:00:00Z,Frotey-lès-Lure,https://cths.fr/an/societe.php?id=3750
Comité des travaux historiques et scientifiques (CTHS),1834-01-01T01:00:00Z,Aubervilliers,https://cths.fr/an/societe.php?id=2790
Comité flamand de France,1853-01-01T01:00:00Z,Hazebrouck,https://cths.fr/an/societe.php?id=1311
Comité international d'histoire de l'art (CIHA),1873-01-01T01:00:00Z,Paris,https://cths.fr/an/societe.php?id=4211
Comité méditerranéen d'études et de recherches sur l'environnement,1360-01-01T01:00:00Z,Fraissé-des-Corbières,https://cths.fr/an/societe.php?id=1152
Commission archéologique et littéraire de Narbonne,1833-01-01T01:00:00Z,Narbonne,https://cths.fr/an/societe.php?id=666
Commission de topographie des Gaules  (CTG),1858-01-01T01:00:00Z,Saint-Germain-en-Laye,https://cths.fr/an/societe.php?id=100778
Commission départementale des antiquités de la Seine-Maritime (CDA),1818-01-01T01:00:00Z,Rouen,https://cths.fr/an/societe.php?id=2654
Commission départementale d’histoire et d’archéologie du Pas-de-Calais,1846-01-01T01:00:00Z,Dainville,https://cths.fr/an/societe.php?id=1334
Commission des antiquités du département de la Côte-d'or,1830-01-01T01:00:00Z,Dijon,https://cths.fr/an/societe.php?id=1032
Commission des antiquités et des arts du département de Seine-et-Oise,1878-01-01T01:00:00Z,Cergy-Pontoise,https://cths.fr/an/societe.php?id=1460
Commission des arts et monuments historiques de la Charente-Inférieure,1860-01-01T01:00:00Z,Saintes,https://cths.fr/an/societe.php?id=100686
Commission des monuments historiques de la Gironde,1840-01-01T01:00:00Z,Bordeaux,https://cths.fr/an/societe.php?id=100465
Commission historique du Nord (CHN),1839-01-01T01:00:00Z,Lille,https://cths.fr/an/societe.php?id=1502
Congrès provincial des Orientalistes,1878-01-01T01:00:00Z,Lyon,https://cths.fr/an/societe.php?id=100631
Connaissance de Pont-Audemer et de sa région,1799-01-01T01:00:00Z,Pont-Audemer,https://cths.fr/an/societe.php?id=718
Conseil héraldique de France,1885-01-01T01:00:00Z,Lannion,https://cths.fr/an/societe.php?id=100680
Consortium des sociétés savantes de la Seine-Maritime,1857-01-01T01:00:00Z,Rouen,https://cths.fr/an/societe.php?id=1886
École félibréenne de Lérins,1887-01-01T01:00:00Z,Aix-en-Provence,https://cths.fr/an/societe.php?id=3143
Escolo de la sedo/ École de la soie,1883-01-01T01:00:00Z,Saint-Genis-Laval,https://cths.fr/an/societe.php?id=3078
Exécution testamentaire d'Auguste Comte,1855-01-01T01:00:00Z,Paris,https://cths.fr/an/societe.php?id=100760
Fédération audoise des œuvres laïques (FAOL11),1866-01-01T01:00:00Z,Carcassonne,https://cths.fr/an/societe.php?id=1149
"Fédération des industries électriques, électroniques et de communication (FIECC)",1879-01-01T01:00:00Z,Paris,https://cths.fr/an/societe.php?id=4464
Fédération nationale des associations de chimie de France (France chimie),1860-01-01T01:00:00Z,Puteaux,https://cths.fr/an/societe.php?id=4093
Institut d'Égypte,1798-01-01T01:00:00Z,Le Caire,https://cths.fr/an/societe.php?id=100791
Institut de France,1816-01-01T01:00:00Z,Paris,https://cths.fr/an/societe.php?id=2715
Institut des Provinces,1838-01-01T01:00:00Z,Caen,https://cths.fr/an/societe.php?id=2822
Institut français d'archéologie orientale (IFAO),1880-01-01T01:00:00Z,Châtillon,https://cths.fr/an/societe.php?id=100790
Institut historique de France,1834-01-01T01:00:00Z,Paris,https://cths.fr/an/societe.php?id=100474
Institut national,1795-01-01T01:00:00Z,Paris,https://cths.fr/an/societe.php?id=100788
Jardins Touraine 1600,1600-01-01T01:00:00Z,Chambray-lès-Tours,https://cths.fr/an/societe.php?id=3331
La Bruyère,1888-01-01T01:00:00Z,Sedan,https://cths.fr/an/societe.php?id=4433
La Diana. Société historique et archéologique du Forez (La Diana),1862-01-01T01:00:00Z,Montbrison,https://cths.fr/an/societe.php?id=620
La lyonnaise des beaux-arts (SLBA),1887-01-01T01:00:00Z,Lyon,https://cths.fr/an/societe.php?id=100063
La maison roumaine,1882-01-01T01:00:00Z,Paris,https://cths.fr/an/societe.php?id=3382
La Physiophile,1888-01-01T01:00:00Z,Montceau-les-Mines,https://cths.fr/an/societe.php?id=1034
Le Félibrige,1854-01-01T01:00:00Z,Aix-en-Provence,https://cths.fr/an/societe.php?id=100054
Le vieux Montmartre (SHAVM),1886-01-01T01:00:00Z,Paris,https://cths.fr/an/societe.php?id=1947
Les amis de la Commune de Paris (1871),1882-01-01T01:00:00Z,Paris,https://cths.fr/an/societe.php?id=2761
Les amis des fleurs,1836-01-01T01:00:00Z,Rouen,https://cths.fr/an/societe.php?id=3709
Lugdunum Florentia,1888-01-01T01:00:00Z,Pierre-Bénite,https://cths.fr/an/societe.php?id=100163
"Météo et climat, Société française de la météorologie et du climat (SMF)",1852-01-01T01:00:00Z,Saint-Mandé,https://cths.fr/an/societe.php?id=2290
Oeuvre de l'aide aux missions d'Afrique,1888-01-01T01:00:00Z,Paris,https://cths.fr/an/societe.php?id=4666
Photo-club de Paris,1888-01-01T01:00:00Z,Paris,https://cths.fr/an/societe.php?id=2921
"Société académique d'archéologie, sciences et arts du département de l'Oise",1847-01-01T01:00:00Z,Beauvais,https://cths.fr/an/societe.php?id=1646
"Société académique d'histoire, d'archéologie, des arts et des lettres de Chauny (SAC)",1884-01-01T01:00:00Z,Chauny,https://cths.fr/an/societe.php?id=1140
Société académique de l'Aube,1798-01-01T01:00:00Z,Troyes,https://cths.fr/an/societe.php?id=1485
Société académique de l'Oise,1847-01-01T01:00:00Z,Beauvais,https://cths.fr/an/societe.php?id=5097
Société académique de Nantes et de la Loire-Atlantique (SANLA),1798-01-01T01:00:00Z,Nantes,https://cths.fr/an/societe.php?id=2524
Société académique de Saint-Quentin (SASQ),1825-01-01T01:00:00Z,Saint-Quentin,https://cths.fr/an/societe.php?id=48
Société académique des antiquaires de la Morinie (SAAM),1832-01-01T01:00:00Z,Clairmarais,https://cths.fr/an/societe.php?id=1279
Société académique des Hautes-Pyrénées (SAHP),1853-01-01T01:00:00Z,Tarbes,https://cths.fr/an/societe.php?id=550
Société académique du Bas-Rhin,1799-01-01T01:00:00Z,Obernai,https://cths.fr/an/societe.php?id=1880
Société académique du Boulonnais,1863-01-01T01:00:00Z,Boulogne-sur-Mer,https://cths.fr/an/societe.php?id=1295
Société académique du Cotentin,1872-01-01T01:00:00Z,Coutances,https://cths.fr/an/societe.php?id=100795
Société académique du Puy-en-Velay et de la Haute-Loire,1798-01-01T01:00:00Z,Le Puy-en-Velay,https://cths.fr/an/societe.php?id=1602
Société académique d’architecture de Lyon (SAAL),1829-01-01T01:00:00Z,Lyon,https://cths.fr/an/societe.php?id=1225
Société académique indochinoise de Paris,1877-01-01T01:00:00Z,Paris,https://cths.fr/an/societe.php?id=100359
"Société agricole, scientifique et littéraire des Pyrénées-Orientales (SASL)",1833-01-01T01:00:00Z,Perpignan,https://cths.fr/an/societe.php?id=1182
Société anatomique de Nantes,1879-01-01T01:00:00Z,Nantes,https://cths.fr/an/societe.php?id=3165
Société anatomique de Paris (SAP),1803-01-01T01:00:00Z,Paris,https://cths.fr/an/societe.php?id=1236
Société archéologique d'Eure-et-Loir (SAEL),1856-01-01T01:00:00Z,Chartres,https://cths.fr/an/societe.php?id=319
Société archéologique de Bordeaux (SAB),1873-01-01T01:00:00Z,Bordeaux,https://cths.fr/an/societe.php?id=124
Société archéologique de Montpellier  (SAM),1833-01-01T01:00:00Z,Montpellier,https://cths.fr/an/societe.php?id=1609
Société archéologique de Sens (SAS),1844-01-01T01:00:00Z,Sens,https://cths.fr/an/societe.php?id=828
Société archéologique de Touraine (SAT),1840-01-01T01:00:00Z,Tours,https://cths.fr/an/societe.php?id=332
Société archéologique du Finistère (SAF),1873-01-01T01:00:00Z,Quimper,https://cths.fr/an/societe.php?id=757
Société archéologique du Midi de la France (SAM),1831-01-01T01:00:00Z,Toulouse,https://cths.fr/an/societe.php?id=1635
Société archéologique du Morbihan,1858-01-01T01:00:00Z,Vannes,https://cths.fr/an/societe.php?id=1910
Société archéologique et historique d'Ille-et-Vilaine (SAHIV),1844-01-01T01:00:00Z,Rennes,https://cths.fr/an/societe.php?id=1741
Société archéologique et historique de l'arrondissement d'Avesnes (SAHAA),1831-01-01T01:00:00Z,Avesnes-sur-Helpe,https://cths.fr/an/societe.php?id=1497
Société archéologique et historique de l'Orléanais (SAHO),1848-01-01T01:00:00Z,Orléans,https://cths.fr/an/societe.php?id=329
Société archéologique et historique de la Charente  (SAHC),1844-01-01T01:00:00Z,Angoulême,https://cths.fr/an/societe.php?id=1868
Société archéologique et historique de Nantes et de Loire-Atlantique (SAHNLA),1845-01-01T01:00:00Z,Nantes,https://cths.fr/an/societe.php?id=1520
Société archéologique et historique de Vervins et de la Thiérache (SAHVT),1873-01-01T01:00:00Z,Vervins,https://cths.fr/an/societe.php?id=1131
Société archéologique et historique des Côtes d'Armor,1843-01-01T01:00:00Z,Saint-Brieuc,https://cths.fr/an/societe.php?id=2922
Société archéologique et historique du Châtillonnais (SAHC21),1880-01-01T01:00:00Z,Châtillon-sur-Seine,https://cths.fr/an/societe.php?id=100036
Société archéologique et historique du Limousin (SAHLIM),1845-01-01T01:00:00Z,Limoges,https://cths.fr/an/societe.php?id=51
Société archéologique et historique du Tarn-et-Garonne (SAHTG),1866-01-01T01:00:00Z,Montauban,https://cths.fr/an/societe.php?id=3254
"Société archéologique, historique et scientifique de Soissons (SAHS)",1650-01-01T01:00:00Z,Soissons,https://cths.fr/an/societe.php?id=1670
"Société archéologique, scientifique et littéraire de Béziers (SASLB)",1723-01-01T01:00:00Z,Béziers,https://cths.fr/an/societe.php?id=654
"Société archéologique, scientifique et littéraire du Vendômois (SAV)",1862-01-01T01:00:00Z,Vendôme,https://cths.fr/an/societe.php?id=853
"Société ariégeoise des sciences, lettres et arts (SASLA)",1881-01-01T01:00:00Z,Foix,https://cths.fr/an/societe.php?id=265
Société asiatique,1822-01-01T01:00:00Z,Paris,https://cths.fr/an/societe.php?id=1136
Société astronomique de France (SAF),1887-01-01T01:00:00Z,Paris,https://cths.fr/an/societe.php?id=2111
Société belfortaine d'émulation (SBE),1872-01-01T01:00:00Z,Belfort,https://cths.fr/an/societe.php?id=787
Société bibliographique,1868-01-01T01:00:00Z,Paris,https://cths.fr/an/societe.php?id=3012
Société botanique de France (SBF),1854-01-01T01:00:00Z,Paris,https://cths.fr/an/societe.php?id=349
Société botanique de Lyon,1872-01-01T01:00:00Z,Lyon,https://cths.fr/an/societe.php?id=100025
Société botanique du Centre-Ouest (SBCO),1888-01-01T01:00:00Z,Jarnac,https://cths.fr/an/societe.php?id=706
Société bourguignonne de géographie et d'histoire,1881-01-01T01:00:00Z,Dijon,https://cths.fr/an/societe.php?id=2967
Société cantalienne,1838-01-01T01:00:00Z,Aurillac,https://cths.fr/an/societe.php?id=3023
Société centrale d'agriculture de l'Aveyron,1798-01-01T01:00:00Z,Rodez,https://cths.fr/an/societe.php?id=3022
Société centrale d'agriculture de la Seine-Maritime (SCA),1762-01-01T01:00:00Z,Bois-Guillaume,https://cths.fr/an/societe.php?id=1883
Société centrale d'agriculture du département de la Savoie,1857-01-01T01:00:00Z,Chambéry,https://cths.fr/an/societe.php?id=100664
Société centrale d'agriculture et d'horticulture de Nice et des Alpes-Maritimes (SCAH-Nice),1860-01-01T01:00:00Z,Nice,https://cths.fr/an/societe.php?id=4002
Société centrale d'apiculture (SCA),1855-01-01T01:00:00Z,Paris,https://cths.fr/an/societe.php?id=100560
Société centrale d'horticulture de Caen et du Calvados (SCHCC),1835-01-01T01:00:00Z,Caen,https://cths.fr/an/societe.php?id=100059
Société centrale d'horticulture de France (SNHF),1827-01-01T01:00:00Z,Paris,https://cths.fr/an/societe.php?id=4934
Société centrale des architectes français,1840-01-01T01:00:00Z,Paris,https://cths.fr/an/societe.php?id=100405
Société centrale d’horticulture de Nancy (SCHN),1877-01-01T01:00:00Z,Nancy,https://cths.fr/an/societe.php?id=100342
Société chimique de France (SFC,1857-01-01T01:00:00Z,Paris,https://cths.fr/an/societe.php?id=1028
Société chimique de France (SCF),1857-01-01T01:00:00Z,Paris,https://cths.fr/an/societe.php?id=3294
Société chimique de Paris,1858-01-01T01:00:00Z,Paris,https://cths.fr/an/societe.php?id=2902
Société chrétienne,1804-01-01T01:00:00Z,Lyon,https://cths.fr/an/societe.php?id=100514
Société cuvierienne,1838-01-01T01:00:00Z,Paris,https://cths.fr/an/societe.php?id=100784
Société d'agriculture  de Lyon,1761-01-01T01:00:00Z,Lyon,https://cths.fr/an/societe.php?id=2815
Société d'agriculture de Compiègne,1844-01-01T01:00:00Z,Compiègne,https://cths.fr/an/societe.php?id=100766
Société d'agriculture de l'arrondissement de Grenoble,1836-01-01T01:00:00Z,Grenoble,https://cths.fr/an/societe.php?id=100605
Société d'agriculture de l'arrondissement de Meaux,1838-01-01T01:00:00Z,Meaux,https://cths.fr/an/societe.php?id=1462
Société d'agriculture de l'arrondissement de Saint-Omer,1819-01-01T01:00:00Z,Saint-Omer,https://cths.fr/an/societe.php?id=100323
Société d'agriculture de la Corse,1818-01-01T01:00:00Z,Ajaccio,https://cths.fr/an/societe.php?id=100349
Société d'agriculture de La Rochelle,1003-01-01T01:00:00Z,La Rochelle,https://cths.fr/an/societe.php?id=100308
Société d'agriculture du Cher,1818-01-01T01:00:00Z,Bourges,https://cths.fr/an/societe.php?id=100382
Société d'agriculture du département de l'Hérault,1808-01-01T01:00:00Z,Montpellier,https://cths.fr/an/societe.php?id=100525
Société d'agriculture du département de Seine-et-Oise ,1798-01-01T01:00:00Z,Versailles,https://cths.fr/an/societe.php?id=100369
Société d'agriculture du Soissonnais,1671-01-01T01:00:00Z,Soissons,https://cths.fr/an/societe.php?id=2817
Société d'agriculture et d'horticulture de l'arrondissement de Louhans,1838-01-01T01:00:00Z,Louhans,https://cths.fr/an/societe.php?id=100667
Société d'agriculture et d'horticulture de Vaucluse,1848-01-01T01:00:00Z,Avignon,https://cths.fr/an/societe.php?id=100730
Société d'agriculture et des arts de Boulogne-sur-mer,1796-01-01T01:00:00Z,Boulogne-sur-Mer,https://cths.fr/an/societe.php?id=4756
"Société d'agriculture, belles-lettres et arts de Poitiers",1817-01-01T01:00:00Z,Poitiers,https://cths.fr/an/societe.php?id=2820
"Société d'agriculture, commerce et arts de la Drôme",1836-01-01T01:00:00Z,Valence,https://cths.fr/an/societe.php?id=100473
"Société d'agriculture, commerce, sciences et arts de la Marne",1798-01-01T01:00:00Z,Châlons-en-Champagne,https://cths.fr/an/societe.php?id=1766
"Société d'agriculture, de commerce et des arts de Bretagne",1757-01-01T01:00:00Z,Rennes,https://cths.fr/an/societe.php?id=100213
"Société d'agriculture, des sciences et des arts",1831-01-01T01:00:00Z,Valenciennes,https://cths.fr/an/societe.php?id=100751
"Société d'agriculture, des sciences et des arts de la Haute-Vienne",1801-01-01T01:00:00Z,Limoges,https://cths.fr/an/societe.php?id=100523
"Société d'agriculture, du commerce, sciences et arts de Calais",1839-01-01T01:00:00Z,Calais,https://cths.fr/an/societe.php?id=100336
"Société d'agriculture, industrie, sciences, arts et belles-lettres de la Loire (AGI)",1761-01-01T01:00:00Z,Saint-Étienne,https://cths.fr/an/societe.php?id=100238
"Société d'agriculture, lettres, sciences et arts de la Haute-Saône (SALSA)",1801-01-01T01:00:00Z,Vesoul,https://cths.fr/an/societe.php?id=1796
"Société d'agriculture, sciences et arts d'Ajaccio",1852-01-01T01:00:00Z,Ajaccio,https://cths.fr/an/societe.php?id=100351
"Société d'agriculture, sciences et arts d'Angers",1828-01-01T01:00:00Z,Angers,https://cths.fr/an/societe.php?id=4663
"Société d'agriculture, sciences et arts de Bastia",1853-01-01T01:00:00Z,Bastia,https://cths.fr/an/societe.php?id=100466
"Société d'agriculture, sciences et arts de la Sarthe (SASAS)",1761-01-01T01:00:00Z,Le Mans,https://cths.fr/an/societe.php?id=218
"Société d'agriculture, sciences et belles-lettres de Rochefort",1834-01-01T01:00:00Z,Rochefort-en-Terre,https://cths.fr/an/societe.php?id=100470
"Société d'agriculture, sciences, arts et belles-lettres d'Indre-et-Loire",1808-01-01T01:00:00Z,Tours,https://cths.fr/an/societe.php?id=100260
Société d'anthropologie de Lyon,1881-01-01T01:00:00Z,Lyon,https://cths.fr/an/societe.php?id=2835
Société d'anthropologie de Paris (SAP),1859-01-01T01:00:00Z,3e arrondissement de Marseille,https://cths.fr/an/societe.php?id=2115
Société d'anthropologie du Sud-Ouest (SASO),1884-01-01T01:00:00Z,Bordeaux,https://cths.fr/an/societe.php?id=123
"Société d'archéologie d'Avranches, Mortain et Granville",1835-01-01T01:00:00Z,Avranches,https://cths.fr/an/societe.php?id=2110
Société d'archéologie du département de la Somme,1838-01-01T01:00:00Z,Amiens,https://cths.fr/an/societe.php?id=4755
Société d'archéologie et d'histoire de la Charente-Maritime (SAHCM),1839-01-01T01:00:00Z,Saintes,https://cths.fr/an/societe.php?id=1515
Société d'archéologie et d'histoire de la Manche (SAHM),1835-01-01T01:00:00Z,Saint-Lô,https://cths.fr/an/societe.php?id=1209
Société d'archéologie et d'histoire de la Mayenne (SAHM),1878-01-01T01:00:00Z,Changé,https://cths.fr/an/societe.php?id=560
Société d'archéologie et d'histoire de la Moselle,1858-01-01T01:00:00Z,Metz,https://cths.fr/an/societe.php?id=1889
"Société d'archéologie, d'histoire et de géographie de la Drôme (SAHGD)",1866-01-01T01:00:00Z,Valence,https://cths.fr/an/societe.php?id=1723
"Société d'archéologie, sciences, lettres et arts du département de Seine-et-Marne",1864-01-01T01:00:00Z,Melun,https://cths.fr/an/societe.php?id=1451
Société d'Arcueil,1806-01-01T01:00:00Z,Arcueil,https://cths.fr/an/societe.php?id=100345
Société d'économie politique,1842-01-01T01:00:00Z,Paris,https://cths.fr/an/societe.php?id=2851
Société d'économie politique (Bordeaux),1888-01-01T01:00:00Z,Bordeaux,https://cths.fr/an/societe.php?id=100709
Société d'économie politique et d'économie sociale de Lyon (SEPEL),1866-01-01T01:00:00Z,Lyon,https://cths.fr/an/societe.php?id=2850
Société d'émulation de Cambrai,1804-01-01T01:00:00Z,Cambrai,https://cths.fr/an/societe.php?id=1291
Société d'émulation de l'Ain,1755-01-01T01:00:00Z,Bourg-en-Bresse,https://cths.fr/an/societe.php?id=10
Société d'émulation de l'arrondissement de Montargis,1853-01-01T01:00:00Z,Montargis,https://cths.fr/an/societe.php?id=844
Société d'émulation de la Provence,1861-01-01T01:00:00Z,Marseille,https://cths.fr/an/societe.php?id=100668
Société d'émulation de la Vendée,1854-01-01T01:00:00Z,La Roche-sur-Yon,https://cths.fr/an/societe.php?id=217
Société d'émulation de Montbéliard (SEM),1851-01-01T01:00:00Z,Montbéliard,https://cths.fr/an/societe.php?id=786
Société d'émulation de Roubaix  (SER),1868-01-01T01:00:00Z,Roubaix,https://cths.fr/an/societe.php?id=1773
Société d'émulation des Côtes-d'Armor,1861-01-01T01:00:00Z,Saint-Brieuc,https://cths.fr/an/societe.php?id=1717
Société d'émulation du Bourbonnais (SEB),1845-01-01T01:00:00Z,Moulins,https://cths.fr/an/societe.php?id=185
Société d'émulation du département des Vosges (SEV),1825-01-01T01:00:00Z,Épinal,https://cths.fr/an/societe.php?id=1421
Société d'émulation du Doubs,1840-01-01T01:00:00Z,Besançon,https://cths.fr/an/societe.php?id=61
Société d'émulation du Jura,1817-01-01T01:00:00Z,Lons-le-Saunier,https://cths.fr/an/societe.php?id=58
Société d'émulation du Kernével,1873-01-01T01:00:00Z,Ploemeur,https://cths.fr/an/societe.php?id=3525
Société d'émulation historique et littéraire d'Abbeville (SEA),1797-01-01T01:00:00Z,Abbeville,https://cths.fr/an/societe.php?id=1597
Société d'encouragement au Bien (SEAB),1862-01-01T01:00:00Z,Paris,https://cths.fr/an/societe.php?id=100697
Société d'encouragement pour l'industrie nationale (SEIN),1801-01-01T01:00:00Z,Paris,https://cths.fr/an/societe.php?id=1560
Société d'enseignement populaire positiviste  ,1007-01-01T01:00:00Z,Paris,https://cths.fr/an/societe.php?id=100755
Société d'ethnographie de Paris,1859-01-01T01:00:00Z,Paris,https://cths.fr/an/societe.php?id=406
Société d'étude des sciences naturelles d'Elbeuf (SESNE),1881-01-01T01:00:00Z,Saint-Pierre-lès-Elbeuf,https://cths.fr/an/societe.php?id=720
Société d'étude des sciences naturelles de Béziers (SESNB),1875-01-01T01:00:00Z,Béziers,https://cths.fr/an/societe.php?id=1612
Société d'étude des sciences naturelles de Nîmes et du Gard (SESNNG),1871-01-01T01:00:00Z,Nîmes,https://cths.fr/an/societe.php?id=1729
Société d'études d'Avallon (SEA),1859-01-01T01:00:00Z,Avallon,https://cths.fr/an/societe.php?id=100258
Société d'études des Hautes-Alpes (SEHA),1802-01-01T01:00:00Z,Gap,https://cths.fr/an/societe.php?id=585
Société d'études du milieu naturel en Mâconnais (SEMINA),1877-01-01T01:00:00Z,Mâcon,https://cths.fr/an/societe.php?id=1040
Société d'études philosophiques et sociales,1885-01-01T01:00:00Z,Paris,https://cths.fr/an/societe.php?id=100335
Société d'études scientifiques de Lyon (SESL),1870-01-01T01:00:00Z,Lyon,https://cths.fr/an/societe.php?id=3565
Société d'études scientifiques et archéologiques de Draguignan et du Var (SESA),1855-01-01T01:00:00Z,Draguignan,https://cths.fr/an/societe.php?id=1817
Société d'excursion des amateurs de photographie (SEAP),1887-01-01T01:00:00Z,Paris,https://cths.fr/an/societe.php?id=2920
Société d'histoire de la Lorraine et du musée lorrain,1848-01-01T01:00:00Z,Nancy,https://cths.fr/an/societe.php?id=1495
Société d'histoire de Lyon,1807-01-01T01:00:00Z,Lyon,https://cths.fr/an/societe.php?id=5022
Société d'histoire du canton de Fribourg (SHCF),1840-01-01T01:00:00Z,Fribourg,https://cths.fr/an/societe.php?id=100276
Société d'histoire du diocèse de Nîmes,1876-01-01T01:00:00Z,Nîmes,https://cths.fr/an/societe.php?id=1157
Société d'histoire et d'archéologie de Beaune (SHAB),1851-01-01T01:00:00Z,Beaune,https://cths.fr/an/societe.php?id=800
Société d'histoire et d'archéologie de Chalon-sur-Saône,1845-01-01T01:00:00Z,Chalon-sur-Saône,https://cths.fr/an/societe.php?id=1653
Société d'histoire et d'archéologie de Maurienne (SHAM),1856-01-01T01:00:00Z,Saint-Jean-de-Maurienne,https://cths.fr/an/societe.php?id=23
Société d'histoire et d'archéologie de Senlis (SHAS),1862-01-01T01:00:00Z,Senlis,https://cths.fr/an/societe.php?id=747
Société d'histoire générale et d'histoire diplomatique (SHGHD-Société d'histoire diplo),1886-01-01T01:00:00Z,Paris,https://cths.fr/an/societe.php?id=2926
Société d'histoire naturelle d'Orival,1886-01-01T01:00:00Z,Orival,https://cths.fr/an/societe.php?id=3109
Société d'histoire naturelle de la Moselle (SHNM),1835-01-01T01:00:00Z,Metz,https://cths.fr/an/societe.php?id=1888
Société d'histoire naturelle de la Savoie (SHNS),1844-01-01T01:00:00Z,Chambéry,https://cths.fr/an/societe.php?id=1414
Société d'histoire naturelle de Toulouse (SHNT),1866-01-01T01:00:00Z,Toulouse,https://cths.fr/an/societe.php?id=1631
Société d'histoire naturelle et d'anthropologie de Loir-et-Cher (SHNLC),1881-01-01T01:00:00Z,Blois,https://cths.fr/an/societe.php?id=1844
Société d'histoire naturelle et d'ethnographie de Colmar,1859-01-01T01:00:00Z,Colmar,https://cths.fr/an/societe.php?id=868
Société d'histoire naturelle et des amis du muséum d'Autun (SHNA),1886-01-01T01:00:00Z,Autun,https://cths.fr/an/societe.php?id=98
Société d'horticulture d'Angers et du département du Maine-et-Loire (SHA49),1864-01-01T01:00:00Z,Angers,https://cths.fr/an/societe.php?id=3111
Société d'horticulture d'Épernay,1873-01-01T01:00:00Z,Épernay,https://cths.fr/an/societe.php?id=100304
Société d'horticulture d'Ille-et-Vilaine (SHIV),1853-01-01T01:00:00Z,Rennes,https://cths.fr/an/societe.php?id=3437
Société d'horticulture de Cherbourg,1844-01-01T01:00:00Z,Cherbourg-Octeville,https://cths.fr/an/societe.php?id=100334
Société d'horticulture de Haute-Garonne,1854-01-01T01:00:00Z,Castelginest,https://cths.fr/an/societe.php?id=100219
Société d'horticulture de l'Ain,1846-01-01T01:00:00Z,Bourg-en-Bresse,https://cths.fr/an/societe.php?id=100658
Société d'horticulture de la Gironde (SHG),1839-01-01T01:00:00Z,Le Bouscat,https://cths.fr/an/societe.php?id=3045
Société d'horticulture de Meaux,1844-01-01T01:00:00Z,Meaux,https://cths.fr/an/societe.php?id=100283
Société d'horticulture de Melun et Fontainebleau,1881-01-01T01:00:00Z,Fontainebleau,https://cths.fr/an/societe.php?id=100284
Société d'horticulture de Montbrison,1850-01-01T01:00:00Z,Montbrison,https://cths.fr/an/societe.php?id=100459
Société d'horticulture de Nantes,1851-01-01T01:00:00Z,Nantes,https://cths.fr/an/societe.php?id=100372
Société d'horticulture de Neuilly-sur-Seine,1880-01-01T01:00:00Z,Neuilly-sur-Seine,https://cths.fr/an/societe.php?id=100373
Société d'horticulture de Touraine (SHOT 37),1761-01-01T01:00:00Z,Tours,https://cths.fr/an/societe.php?id=3360
Société d'horticulture des Yvelines,1840-01-01T01:00:00Z,Versailles,https://cths.fr/an/societe.php?id=1459
Société d'horticulture et d'arboriculture des Bouches-du-Rhône (SHABDR ou SHA 13),1846-01-01T01:00:00Z,Marseille,https://cths.fr/an/societe.php?id=100717
Société d'horticulture et d'histoire naturelle de l'Hérault (SHHNH),1860-01-01T01:00:00Z,Montpellier,https://cths.fr/an/societe.php?id=1175
Société d'horticulture et de botanique du Havre,1861-01-01T01:00:00Z,Le Havre,https://cths.fr/an/societe.php?id=710
Société d'horticulture et de sciences naturelles de Coulommiers (SHCoulommiers),1861-01-01T01:00:00Z,Coulommiers,https://cths.fr/an/societe.php?id=5094
Société d'horticulture et de viticulture de Bourgogne,1858-01-01T01:00:00Z,Dijon,https://cths.fr/an/societe.php?id=100237
Société d'instruction publique du département de la Corse,1818-01-01T01:00:00Z,Bastia,https://cths.fr/an/societe.php?id=100348
Société d'instruction publique du département du Golo,1803-01-01T01:00:00Z,Bastia,https://cths.fr/an/societe.php?id=100406
Société de biologie,1848-01-01T01:00:00Z,Paris,https://cths.fr/an/societe.php?id=414
Société de Borda,1876-01-01T01:00:00Z,Dax,https://cths.fr/an/societe.php?id=1568
Société de géographie,1821-01-01T01:00:00Z,Paris,https://cths.fr/an/societe.php?id=1437
Société de géographie commerciale de Paris (SGC),1873-01-01T01:00:00Z,Paris,https://cths.fr/an/societe.php?id=2849
Société de géographie d'Égypte,1875-01-01T01:00:00Z,Le Caire,https://cths.fr/an/societe.php?id=100763
Société de géographie de Béthune,1880-01-01T01:00:00Z,Béthune,https://cths.fr/an/societe.php?id=2965
Société de géographie de Bordeaux (SGB),1873-01-01T01:00:00Z,Pessac,https://cths.fr/an/societe.php?id=942
Société de géographie de Bourges,1875-01-01T01:00:00Z,Bourges,https://cths.fr/an/societe.php?id=2958
Société de géographie de Brest,1882-01-01T01:00:00Z,Brest,https://cths.fr/an/societe.php?id=2969
Société de géographie de Cambrai,1881-01-01T01:00:00Z,Cambrai,https://cths.fr/an/societe.php?id=2968
Société de géographie de Charleville,1888-01-01T01:00:00Z,Charleville-Mézières,https://cths.fr/an/societe.php?id=2978
Société de géographie de Dunkerque,1880-01-01T01:00:00Z,Dunkerque,https://cths.fr/an/societe.php?id=2957
Société de géographie de l'Ain,1881-01-01T01:00:00Z,Bourg-en-Bresse,https://cths.fr/an/societe.php?id=2966
Société de géographie de l'Est,1887-01-01T01:00:00Z,Nancy,https://cths.fr/an/societe.php?id=100647
Société de géographie de l'Est (section Meuse),1881-01-01T01:00:00Z,Bar-le-Duc,https://cths.fr/an/societe.php?id=1874
Société de géographie de Lille,1880-01-01T01:00:00Z,Lille,https://cths.fr/an/societe.php?id=1289
Société de géographie de Lorient,1882-01-01T01:00:00Z,Lorient,https://cths.fr/an/societe.php?id=2970
Société de géographie de Lyon,1873-01-01T01:00:00Z,Lyon,https://cths.fr/an/societe.php?id=2836
Société de géographie de Marseille (SGM),1877-01-01T01:00:00Z,Marseille,https://cths.fr/an/societe.php?id=582
Société de géographie de Nancy,1879-01-01T01:00:00Z,Nancy,https://cths.fr/an/societe.php?id=2961
Société de géographie de Nantes,1882-01-01T01:00:00Z,Nantes,https://cths.fr/an/societe.php?id=2971
Société de géographie de Reims,1884-01-01T01:00:00Z,Reims,https://cths.fr/an/societe.php?id=2975
Société de géographie de Rennes,1882-01-01T01:00:00Z,Rennes,https://cths.fr/an/societe.php?id=2972
Société de géographie de Rochefort (SGR),1806-01-01T01:00:00Z,Rochefort,https://cths.fr/an/societe.php?id=1489
Société de géographie de Rouen,1879-01-01T01:00:00Z,Rouen,https://cths.fr/an/societe.php?id=2962
Société de géographie de Saint Lô,1879-01-01T01:00:00Z,Saint-Lô,https://cths.fr/an/societe.php?id=2963
Société de géographie de Saint Quentin,1881-01-01T01:00:00Z,Saint-Quentin,https://cths.fr/an/societe.php?id=2959
Société de géographie de Saint-Nazaire,1886-01-01T01:00:00Z,Saint-Nazaire,https://cths.fr/an/societe.php?id=2977
Société de géographie de Saint-Omer,1880-01-01T01:00:00Z,Saint-Omer,https://cths.fr/an/societe.php?id=2964
Société de géographie de Saint-Valery en Caux,1883-01-01T01:00:00Z,Saint-Valery-en-Caux,https://cths.fr/an/societe.php?id=2985
Société de géographie de Toul,1882-01-01T01:00:00Z,Toul,https://cths.fr/an/societe.php?id=2973
Société de géographie de Toulon,1886-01-01T01:00:00Z,Toulon,https://cths.fr/an/societe.php?id=2976
Société de géographie de Toulouse (SGT),1882-01-01T01:00:00Z,Toulouse,https://cths.fr/an/societe.php?id=1372
Société de géographie de Tours,1883-01-01T01:00:00Z,Tours,https://cths.fr/an/societe.php?id=2515
Société de géographie de Valenciennes,1878-01-01T01:00:00Z,Valenciennes,https://cths.fr/an/societe.php?id=2960
Société de géographie du Havre,1884-01-01T01:00:00Z,Le Havre,https://cths.fr/an/societe.php?id=2974
Société de l'École des chartes,1839-01-01T01:00:00Z,Paris,https://cths.fr/an/societe.php?id=415
"Société de l'électricité, de l'électronique et des technologies de l'information et de la communication (SEE)",1883-01-01T01:00:00Z,Paris,https://cths.fr/an/societe.php?id=100539
Société de l'histoire de France (SHF),1833-01-01T01:00:00Z,Paris,https://cths.fr/an/societe.php?id=519
Société de l'histoire de l'art français (SHAF),1872-01-01T01:00:00Z,Paris,https://cths.fr/an/societe.php?id=520
Société de l'histoire de Normandie,1869-01-01T01:00:00Z,Rouen,https://cths.fr/an/societe.php?id=1694
Société de l'histoire de Paris et de l'Île-de-France (SHPIF),1874-01-01T01:00:00Z,Pierrefitte-sur-Seine,https://cths.fr/an/societe.php?id=2856
Société de l'histoire du protestantisme français (SHPF),1852-01-01T01:00:00Z,Paris,https://cths.fr/an/societe.php?id=416
Société de l'industrie de la Mayenne,1863-01-01T01:00:00Z,Laval,https://cths.fr/an/societe.php?id=100257
Société de l'industrie minérale,1855-01-01T01:00:00Z,Paris,https://cths.fr/an/societe.php?id=2794
Société de la revue du Bas-Poitou,1888-01-01T01:00:00Z,La Roche-sur-Yon,https://cths.fr/an/societe.php?id=1887
Société de laryngologie des hôpitaux de Paris,1886-01-01T01:00:00Z,Paris,https://cths.fr/an/societe.php?id=2900
Société de législation comparée (SLC),1869-01-01T01:00:00Z,Paris,https://cths.fr/an/societe.php?id=2852
Société de linguistique de Paris (SLP),1863-01-01T01:00:00Z,Paris,https://cths.fr/an/societe.php?id=515
"Société de littérature, sciences et arts de Rochefort",1806-01-01T01:00:00Z,Rochefort-en-Terre,https://cths.fr/an/societe.php?id=100464
Société de médecine de Besançon,1802-01-01T01:00:00Z,Besançon,https://cths.fr/an/societe.php?id=4658
Société de médecine de Bordeaux,1798-01-01T01:00:00Z,Bordeaux,https://cths.fr/an/societe.php?id=4527
Société de médecine de Caen,1820-01-01T01:00:00Z,Caen,https://cths.fr/an/societe.php?id=100041
Société de médecine de la ville de Douai,1804-01-01T01:00:00Z,Douai,https://cths.fr/an/societe.php?id=1778
Société de médecine de Marseille,1810-01-01T01:00:00Z,Marseille,https://cths.fr/an/societe.php?id=100239
Société de médecine de Paris,1730-01-01T01:00:00Z,L'Haÿ-les-Roses,https://cths.fr/an/societe.php?id=2811
Société de médecine de Paris...,1796-01-01T01:00:00Z,Paris,https://cths.fr/an/societe.php?id=5087
Société de médecine de Rouen,1821-01-01T01:00:00Z,Rouen,https://cths.fr/an/societe.php?id=2898
Société de médecine de Saint-Étienne et de la Loire,1882-01-01T01:00:00Z,Saint-Étienne,https://cths.fr/an/societe.php?id=100412
Société de médecine et de chirurgie de la Rochelle,1840-01-01T01:00:00Z,La Rochelle,https://cths.fr/an/societe.php?id=1869
Société de médecine légale de France (SMLCF),1868-01-01T01:00:00Z,Toulouse,https://cths.fr/an/societe.php?id=2680
Société de médecine pratique de  Montpellier,1799-01-01T01:00:00Z,Montpellier,https://cths.fr/an/societe.php?id=3135
Société de médecine vétérinaire de la Charente-Inférieure,1879-01-01T01:00:00Z,La Rochelle,https://cths.fr/an/societe.php?id=100742
"Société de médecine, chirurgie et pharmacie de Toulouse",1801-01-01T01:00:00Z,Toulouse,https://cths.fr/an/societe.php?id=100365
Société de pharmacie de Bordeaux (SPB),1834-01-01T01:00:00Z,Bordeaux,https://cths.fr/an/societe.php?id=4424
Société de pharmacie de Lyon (SPLyon),1806-01-01T01:00:00Z,Lyon,https://cths.fr/an/societe.php?id=100356
Société de Port-Royal,1802-01-01T01:00:00Z,Paris,https://cths.fr/an/societe.php?id=100288
Société de psychologie physiologique de Paris,1885-01-01T01:00:00Z,Paris,https://cths.fr/an/societe.php?id=4473
Société de santé de Lyon,1792-01-01T01:00:00Z,Lyon,https://cths.fr/an/societe.php?id=100725
Société de sociologie,1872-01-01T01:00:00Z,Paris,https://cths.fr/an/societe.php?id=100782
Société de sphragistique de Paris,1848-01-01T01:00:00Z,Paris,https://cths.fr/an/societe.php?id=100305
Société de statistique des Deux-Sèvres,1836-01-01T01:00:00Z,Niort,https://cths.fr/an/societe.php?id=2819
Société de statistique des sciences naturelles et des arts industriels du département de l'Isère,1838-01-01T01:00:00Z,Grenoble,https://cths.fr/an/societe.php?id=4517
"Société de statistique, d'histoire et d'archéologie de Marseille et de Provence",1827-01-01T01:00:00Z,Marseille,https://cths.fr/an/societe.php?id=2868
"Société de statistique, des sciences naturelles et des arts industriels de l’Isère",1838-01-01T01:00:00Z,Grenoble,https://cths.fr/an/societe.php?id=4787
Société de thérapeutique,1867-01-01T01:00:00Z,Paris,https://cths.fr/an/societe.php?id=100243
Société de topographie de la France,1876-01-01T01:00:00Z,Paris,https://cths.fr/an/societe.php?id=100549
Société de topographie historique de Lyon,1872-01-01T01:00:00Z,Lyon,https://cths.fr/an/societe.php?id=1881
Société des amis de l'hôpital Saint-Antoine,1795-01-01T01:00:00Z,Paris,https://cths.fr/an/societe.php?id=4254
Société des amis de l'instruction (BAI),1861-01-01T01:00:00Z,Paris,https://cths.fr/an/societe.php?id=100752
Société des amis de la Romania (ROMANIA),1872-01-01T01:00:00Z,Paris,https://cths.fr/an/societe.php?id=2276
Société des amis des arts de Grenoble (SADAG),1657-01-01T01:00:00Z,Grenoble,https://cths.fr/an/societe.php?id=100303
Société des amis des arts de la Côte d'Or,1837-01-01T01:00:00Z,Dijon,https://cths.fr/an/societe.php?id=4926
Société des amis des arts de La Rochelle (SAALR),1841-01-01T01:00:00Z,La Rochelle,https://cths.fr/an/societe.php?id=100655
Société des amis des arts de Lyon,1836-01-01T01:00:00Z,Lyon,https://cths.fr/an/societe.php?id=100384
Société des amis des arts de Pau,1863-01-01T01:00:00Z,Pau,https://cths.fr/an/societe.php?id=954
Société des amis des arts et des musées de Reims (SAAM),1833-01-01T01:00:00Z,Reims,https://cths.fr/an/societe.php?id=772
Société des amis des arts et des sciences de Tournus (SAAST),1877-01-01T01:00:00Z,Tournus,https://cths.fr/an/societe.php?id=109
Société des amis des monuments parisiens,1884-01-01T01:00:00Z,Paris,https://cths.fr/an/societe.php?id=2984
Société des amis des monuments rouennais (AMR),1886-01-01T01:00:00Z,Rouen,https://cths.fr/an/societe.php?id=1805
Société des amis des sciences naturelles et du Museum de Rouen (SASNMR),1865-01-01T01:00:00Z,Rouen,https://cths.fr/an/societe.php?id=723
Société des amis des universités de Clermont-Ferrand,1884-01-01T01:00:00Z,Clermont-Ferrand,https://cths.fr/an/societe.php?id=180
Société des anciens textes français (SATF),1875-01-01T01:00:00Z,Paris,https://cths.fr/an/societe.php?id=2277
Société des antiquaires de l'Ouest (SAO),1834-01-01T01:00:00Z,Poitiers,https://cths.fr/an/societe.php?id=701
Société des antiquaires de Normandie (SAN),1824-01-01T01:00:00Z,Caen,https://cths.fr/an/societe.php?id=1595
Société des antiquaires de Picardie,1837-01-01T01:00:00Z,Amiens,https://cths.fr/an/societe.php?id=41
Société des antiquaires du Centre,1866-01-01T01:00:00Z,Bourges,https://cths.fr/an/societe.php?id=4923
Société des aquarellistes français,1879-01-01T01:00:00Z,Paris,https://cths.fr/an/societe.php?id=100280
Société des architectes de Bordeaux,1862-01-01T01:00:00Z,Bordeaux,https://cths.fr/an/societe.php?id=100575
Société des architectes de Seine-et-Oise,1844-01-01T01:00:00Z,Versailles,https://cths.fr/an/societe.php?id=100592
Société des archives historiques de la Gironde,1859-01-01T01:00:00Z,Bordeaux,https://cths.fr/an/societe.php?id=100318
Société des archives historiques de la Saintonge et de l'Aunis (SAHSA),1874-01-01T01:00:00Z,Saintes,https://cths.fr/an/societe.php?id=1633
Société des artistes français,1881-01-01T01:00:00Z,Paris,https://cths.fr/an/societe.php?id=100246
"Société des arts, sciences et belles lettres de Saintes",1867-01-01T01:00:00Z,Saintes,https://cths.fr/an/societe.php?id=100650
Société des beaux-arts de Caen,1855-01-01T01:00:00Z,Caen,https://cths.fr/an/societe.php?id=1626
Société des bibliophiles dauphinois,1869-01-01T01:00:00Z,Grenoble,https://cths.fr/an/societe.php?id=100282
Société des bibliophiles de Guyenne (SBG),1866-01-01T01:00:00Z,Bordeaux,https://cths.fr/an/societe.php?id=941
Société des bibliophiles françois,1820-01-01T01:00:00Z,Paris,https://cths.fr/an/societe.php?id=2872
Société des bibliophiles lyonnais,1884-01-01T01:00:00Z,Lyon,https://cths.fr/an/societe.php?id=1882
Société des bibliophiles normands,1863-01-01T01:00:00Z,Rouen,https://cths.fr/an/societe.php?id=1884
Société des études coloniales et maritimes,1876-01-01T01:00:00Z,Paris,https://cths.fr/an/societe.php?id=100806
Société des études du Comminges,1884-01-01T01:00:00Z,Saint-Gaudens,https://cths.fr/an/societe.php?id=1594
Société des études historiques,1831-01-01T01:00:00Z,Paris,https://cths.fr/an/societe.php?id=2993
Société des études juives (SEJ),1880-01-01T01:00:00Z,Paris,https://cths.fr/an/societe.php?id=1436
"Société des études littéraires, scientifiques et artistiques du Lot (SEL-Société des études du Lot)",1872-01-01T01:00:00Z,Cahors,https://cths.fr/an/societe.php?id=1618
Société des excursions artistiques de Loir-et-Cher,1879-01-01T01:00:00Z,Blois,https://cths.fr/an/societe.php?id=1845
Société des félibres de Paris (SFP-ALO),1879-01-01T01:00:00Z,Paris,https://cths.fr/an/societe.php?id=100056
Société des gens de lettres (SGDL),1838-01-01T01:00:00Z,Paris,https://cths.fr/an/societe.php?id=523
Société des langues romanes,1869-01-01T01:00:00Z,Montpellier,https://cths.fr/an/societe.php?id=1853
Société des Lettres (SLSAC),1878-01-01T01:00:00Z,Tulle,https://cths.fr/an/societe.php?id=930
"Société des lettres, des sciences, des arts, de l'agriculture et de l'Industrie de Saint-Dizier",1880-01-01T01:00:00Z,Eurville-Bienville,https://cths.fr/an/societe.php?id=100034
"Société des lettres, sciences et arts de Bar-le-Duc",1869-01-01T01:00:00Z,Bar-le-Duc,https://cths.fr/an/societe.php?id=865
"Société des lettres, sciences et arts de l'Aveyron",1836-01-01T01:00:00Z,Rodez,https://cths.fr/an/societe.php?id=277
"Société des lettres, sciences et arts de la Lozère (SLSA)",1819-01-01T01:00:00Z,Mende,https://cths.fr/an/societe.php?id=659
"Société des lettres, sciences et arts des Alpes-Maritimes",1861-01-01T01:00:00Z,Nice,https://cths.fr/an/societe.php?id=3004
Société des maçons de Samoëns,1659-01-01T01:00:00Z,Samoëns,https://cths.fr/an/societe.php?id=100187
Société des observateurs de l'homme,1799-01-01T01:00:00Z,Paris,https://cths.fr/an/societe.php?id=100333
Société des pastellistes de France (Pastellistes de France),1885-01-01T01:00:00Z,Villemomble,https://cths.fr/an/societe.php?id=100330
Société des sciences et arts de la commune de Grenoble,1796-01-01T01:00:00Z,Grenoble,https://cths.fr/an/societe.php?id=1581
Société des sciences et arts de Vitry-le-François,1861-01-01T01:00:00Z,Saint-Amand-sur-Fion,https://cths.fr/an/societe.php?id=81
Société des sciences et lettres de Loir-et-Cher (SSLLC),1832-01-01T01:00:00Z,Blois,https://cths.fr/an/societe.php?id=839
Société des sciences historiques et naturelles de l'Yonne (SSHNY),1847-01-01T01:00:00Z,Auxerre,https://cths.fr/an/societe.php?id=791
Société des sciences historiques et naturelles de la Corse (SSHNC),1880-01-01T01:00:00Z,Bastia,https://cths.fr/an/societe.php?id=1655
Société des sciences historiques et naturelles de Semur-en-Auxois (SSS),1842-01-01T01:00:00Z,Semur-en-Auxois,https://cths.fr/an/societe.php?id=1148
Société des sciences industrielles de Lyon,1862-01-01T01:00:00Z,Lyon,https://cths.fr/an/societe.php?id=2863
Société des sciences médicales de Gannat,1845-01-01T01:00:00Z,Gannat,https://cths.fr/an/societe.php?id=4448
Société des sciences médicales de la Moselle (SSMM),1819-01-01T01:00:00Z,Metz,https://cths.fr/an/societe.php?id=4476
Société des sciences médicales de Lyon,1861-01-01T01:00:00Z,Lyon,https://cths.fr/an/societe.php?id=100517
Société des sciences naturelles de la Charente-Maritime,1836-01-01T01:00:00Z,La Rochelle,https://cths.fr/an/societe.php?id=301
Société des sciences naturelles de Saône-et-Loire et Société mycologique de Chalon-sur-Saône (SSN SM),1875-01-01T01:00:00Z,Chalon-sur-Saône,https://cths.fr/an/societe.php?id=1504
"Société des sciences naturelles, archéologiques et historiques de la Creuse (SSNAC)",1832-01-01T01:00:00Z,Guéret,https://cths.fr/an/societe.php?id=53
Société des sciences physiques et naturelles de Bordeaux,1850-01-01T01:00:00Z,Talence,https://cths.fr/an/societe.php?id=1850
"Société des sciences, arts et belles-lettres de Bayeux (SABL)",1841-01-01T01:00:00Z,Bayeux,https://cths.fr/an/societe.php?id=715
"Société des sciences, de l'agriculture et des arts de Lille (SSAAL)",1802-01-01T01:00:00Z,Lille,https://cths.fr/an/societe.php?id=2407
"Société des sciences, lettres et arts de Bayonne (SSLA Bayonne)",1873-01-01T01:00:00Z,Bayonne,https://cths.fr/an/societe.php?id=1532
"Société des sciences, lettres et arts de Cholet et sa région (SSLAC)",1881-01-01T01:00:00Z,Cholet,https://cths.fr/an/societe.php?id=1501
"Société des sciences, lettres et arts de Pau et du Béarn (SSLA Pau Béarn)",1841-01-01T01:00:00Z,Pau,https://cths.fr/an/societe.php?id=129
Société des traditions populaires,1885-01-01T01:00:00Z,Paris,https://cths.fr/an/societe.php?id=2986
Société du muséum d'histoire naturelle de Strasbourg,1828-01-01T01:00:00Z,Strasbourg,https://cths.fr/an/societe.php?id=1877
Société dunkerquoise d'histoire et d'archéologie (SDHA),1872-01-01T01:00:00Z,Dunkerque,https://cths.fr/an/societe.php?id=1277
"Société dunkerquoise pour l'encouragement des sciences, des lettres et des arts",1852-01-01T01:00:00Z,Dunkerque,https://cths.fr/an/societe.php?id=4930
"Société dunoise d'archéologie, histoire, sciences et arts (Société dunoise)",1864-01-01T01:00:00Z,Châteaudun,https://cths.fr/an/societe.php?id=858
"Société d’agriculture, industrie, sciences, arts et lettres du département de l’Ardèche",1879-01-01T01:00:00Z,Privas,https://cths.fr/an/societe.php?id=100772
"Société d’agriculture, sciences et arts de Poligny",1859-01-01T01:00:00Z,Poligny,https://cths.fr/an/societe.php?id=3005
Société d’études scientifiques de l’Anjou,1871-01-01T01:00:00Z,Angers,https://cths.fr/an/societe.php?id=1250
Société d’histoire et d’archéologie de la Lorraine à Metz (SHAL),1888-01-01T01:00:00Z,Saint-Julien-lès-Metz,https://cths.fr/an/societe.php?id=1244
Société d’horticulture pratique du Rhône,1840-01-01T01:00:00Z,Lyon,https://cths.fr/an/societe.php?id=100363
"Société éduenne des lettres, sciences et arts ",1836-01-01T01:00:00Z,Autun,https://cths.fr/an/societe.php?id=1800
Société entomologique de France (SEF),1832-01-01T01:00:00Z,Paris,https://cths.fr/an/societe.php?id=1193
Société française d'archéologie (SFA),1834-01-01T01:00:00Z,Paris,https://cths.fr/an/societe.php?id=527
Société française d'entomologie,1882-01-01T01:00:00Z,Lyon,https://cths.fr/an/societe.php?id=100598
Société française d'ophtalmologie (SFO),1883-01-01T01:00:00Z,Paris,https://cths.fr/an/societe.php?id=100409
Société française d'oto-rhino-laryngologie (SFORL),1882-01-01T01:00:00Z,Paris,https://cths.fr/an/societe.php?id=2899
Société française de colonisation,1883-01-01T01:00:00Z,Paris,https://cths.fr/an/societe.php?id=100360
Société française de graphologie (SFDG),1875-01-01T01:00:00Z,Paris,https://cths.fr/an/societe.php?id=100045
Société française de gravure,1868-01-01T01:00:00Z,Paris,https://cths.fr/an/societe.php?id=100397
Société française de médecine légale (SFML),1867-01-01T01:00:00Z,Paris,https://cths.fr/an/societe.php?id=100618
Société française de médecine thermale,1853-01-01T01:00:00Z,Paris,https://cths.fr/an/societe.php?id=1448
Société française de minéralogie et de cristallographie (SFMC),1878-01-01T01:00:00Z,Paris,https://cths.fr/an/societe.php?id=413
Société française de numismatique (SFN),1865-01-01T01:00:00Z,Paris,https://cths.fr/an/societe.php?id=535
Société française de pathologie (SFPathol),1803-01-01T01:00:00Z,Le Kremlin-Bicêtre,https://cths.fr/an/societe.php?id=4005
Société française de pharmacologie et de thérapeutique (SFPT),1866-01-01T01:00:00Z,Tours,https://cths.fr/an/societe.php?id=100242
Société française de photographie (SFP),1854-01-01T01:00:00Z,Paris,https://cths.fr/an/societe.php?id=2284
Société française de physique (SFP),1873-01-01T01:00:00Z,Paris,https://cths.fr/an/societe.php?id=3081
Société française de santé publique (SFSP),1877-01-01T01:00:00Z,Laxou,https://cths.fr/an/societe.php?id=100014
Société française de statistique (SFDS),1829-01-01T01:00:00Z,Paris,https://cths.fr/an/societe.php?id=1231
"Société française de stomatologie, chirurgie maxillo-faciale et chirurgie orale (SFSCMFCO)",1888-01-01T01:00:00Z,Paris,https://cths.fr/an/societe.php?id=100395
Société Franklin ,1862-01-01T01:00:00Z,Paris,https://cths.fr/an/societe.php?id=100748
Société fraternelle des Hautes-Alpes à Paris,1885-01-01T01:00:00Z,Paris,https://cths.fr/an/societe.php?id=3110
Société générale d'horticulture de la Loire ,1884-01-01T01:00:00Z,Saint-Étienne,https://cths.fr/an/societe.php?id=100410
Société géologique de France (SGF),1832-01-01T01:00:00Z,Paris,https://cths.fr/an/societe.php?id=409
Société géologique de Normandie et des amis du Muséum du Havre (SGNAMH),1871-01-01T01:00:00Z,Le Havre,https://cths.fr/an/societe.php?id=1803
Société géologique du Nord (SGN),1870-01-01T01:00:00Z,Villeneuve-d'Ascq,https://cths.fr/an/societe.php?id=1332
Société havraise d'études diverses (SHED),1833-01-01T01:00:00Z,Le Havre,https://cths.fr/an/societe.php?id=1525
Société héliographique ,1851-01-01T01:00:00Z,Paris,https://cths.fr/an/societe.php?id=100694
Société historique de Compiègne (SHC),1840-01-01T01:00:00Z,Compiègne,https://cths.fr/an/societe.php?id=44
Société historique de Gascogne,1869-01-01T01:00:00Z,Auch,https://cths.fr/an/societe.php?id=2897
Société historique de Haute-Picardie (SHHP),1850-01-01T01:00:00Z,Laon,https://cths.fr/an/societe.php?id=737
Société historique de Lisieux (SHL),1869-01-01T01:00:00Z,Lisieux,https://cths.fr/an/societe.php?id=1202
Société historique et archéologique de Château-Thierry (SAHCT),1864-01-01T01:00:00Z,Château-Thierry,https://cths.fr/an/societe.php?id=740
Société historique et archéologique de l'Orne (SHAO),1882-01-01T01:00:00Z,Alençon,https://cths.fr/an/societe.php?id=1213
Société historique et archéologique de Langres (SHAL),1836-01-01T01:00:00Z,Langres,https://cths.fr/an/societe.php?id=71
"Société historique et archéologique de Pontoise, du Val-d'Oise et du Vexin (SHAPVOV)",1877-01-01T01:00:00Z,Pontoise,https://cths.fr/an/societe.php?id=1966
Société historique et archéologique de Rambouillet et de l'Yveline (SHARY),1836-01-01T01:00:00Z,Rambouillet,https://cths.fr/an/societe.php?id=375
Société historique et archéologique du Gâtinais,1883-01-01T01:00:00Z,Fontainebleau,https://cths.fr/an/societe.php?id=2873
Société historique et archéologique du Maine (SHAM),1875-01-01T01:00:00Z,Le Mans,https://cths.fr/an/societe.php?id=564
Société historique et archéologique du Périgord (SHAP),1874-01-01T01:00:00Z,Périgueux,https://cths.fr/an/societe.php?id=130
Société historique et littéraire du Bas-Limousin,1856-01-01T01:00:00Z,Tulle,https://cths.fr/an/societe.php?id=100399
Société historique et scientifique de Saint-Jean d'Angély,1863-01-01T01:00:00Z,Saint-Jean-d'Angély,https://cths.fr/an/societe.php?id=100487
"Société historique, archéologique et scientifique de Noyon (SHASN)",1856-01-01T01:00:00Z,Noyon,https://cths.fr/an/societe.php?id=745
Société honfleuraise de photographie,1830-01-01T01:00:00Z,Lyon,https://cths.fr/an/societe.php?id=100491
Société industrielle de Mulhouse (SIM),1826-01-01T01:00:00Z,Mulhouse,https://cths.fr/an/societe.php?id=896
Société industrielle de Rouen,1872-01-01T01:00:00Z,Rouen,https://cths.fr/an/societe.php?id=2833
Société internationale des études pratiques d'économie sociale,1856-01-01T01:00:00Z,Paris,https://cths.fr/an/societe.php?id=100781
Société italienne de chirurgie (SIC),1882-01-01T01:00:00Z,Le Mont-Saint-Adrien,https://cths.fr/an/societe.php?id=4910
Société italienne des sciences,1782-01-01T01:00:00Z,Le Mont-Saint-Adrien,https://cths.fr/an/societe.php?id=4189
Société La Tour Magne,1840-01-01T01:00:00Z,Nîmes,https://cths.fr/an/societe.php?id=100248
Société languedocienne de géographie (SLG),1878-01-01T01:00:00Z,Montpellier,https://cths.fr/an/societe.php?id=664
"Société libre d'agriculture, sciences, arts et belles-lettres de l'Eure  (Société libre de l'Eure)",1798-01-01T01:00:00Z,Évreux,https://cths.fr/an/societe.php?id=1727
Société libre d'émulation de la Seine-Maritime,1792-01-01T01:00:00Z,Rouen,https://cths.fr/an/societe.php?id=5118
Société libre d'émulation de Liège (ASBL),1779-01-01T01:00:00Z,Le Liège,https://cths.fr/an/societe.php?id=2182
Société libre d'émulation du commerce et de l'industrie de la Seine-Maritime (SLE 76),1792-01-01T01:00:00Z,Rouen,https://cths.fr/an/societe.php?id=1811
Société libre des beaux-arts,1836-01-01T01:00:00Z,Paris,https://cths.fr/an/societe.php?id=3073
Société libre des pharmaciens de Paris,1796-01-01T01:00:00Z,Paris,https://cths.fr/an/societe.php?id=5089
Société libre des sciences et belles lettres de Montpellier,1795-01-01T01:00:00Z,Montpellier,https://cths.fr/an/societe.php?id=100807
"Société libre d’agriculture, arts et commerce du département des Ardennes",1798-01-01T01:00:00Z,Charleville-Mézières,https://cths.fr/an/societe.php?id=100387
Société linnéenne de Bordeaux ,1818-01-01T01:00:00Z,Bordeaux,https://cths.fr/an/societe.php?id=122
Société linnéenne de Lyon (SLL),1822-01-01T01:00:00Z,Lyon,https://cths.fr/an/societe.php?id=1517
Société linnéenne de Normandie,1823-01-01T01:00:00Z,Caen,https://cths.fr/an/societe.php?id=1592
Société linnéenne de Paris,1787-01-01T01:00:00Z,Paris,https://cths.fr/an/societe.php?id=2874
Société linnéenne du Maine-et-Loire,1852-01-01T01:00:00Z,Angers,https://cths.fr/an/societe.php?id=100028
Société linnéenne Nord Picardie (SLNP),1838-01-01T01:00:00Z,Amiens,https://cths.fr/an/societe.php?id=1814
Société littéraire de La Rochelle,1815-01-01T01:00:00Z,La Rochelle,https://cths.fr/an/societe.php?id=100307
Société littéraire et scientifique de Castres ( ),1860-01-01T01:00:00Z,Castres,https://cths.fr/an/societe.php?id=2913
"Société littéraire, historique et archéologique de département de l'Ain",1872-01-01T01:00:00Z,Bourg-en-Bresse,https://cths.fr/an/societe.php?id=100052
"Société littéraire, historique et archéologique de Lyon (SHALL)",1807-01-01T01:00:00Z,Lyon,https://cths.fr/an/societe.php?id=1588
"Société littéraire, scientifique et artistique d'Apt",1862-01-01T01:00:00Z,Apt,https://cths.fr/an/societe.php?id=100756
Société lorraine des amis des arts et musées (SLAAM),1833-01-01T01:00:00Z,Nancy,https://cths.fr/an/societe.php?id=2136
Société lyonnaise d'horticulture,1844-01-01T01:00:00Z,Lyon,https://cths.fr/an/societe.php?id=2893
Société mathématique de France (SMF),1872-01-01T01:00:00Z,Paris,https://cths.fr/an/societe.php?id=2449
Société médicale d'émulation de Lyon,1840-01-01T01:00:00Z,Lyon,https://cths.fr/an/societe.php?id=100337
Société médicale d'émulation de Paris,1796-01-01T01:00:00Z,Paris,https://cths.fr/an/societe.php?id=3136
Société médicale d'Indre et Loire,1801-01-01T01:00:00Z,Tours,https://cths.fr/an/societe.php?id=4489
Société médicale de Brest,1867-01-01T01:00:00Z,Brest,https://cths.fr/an/societe.php?id=4528
Société médicale de Chambéry,1858-01-01T01:00:00Z,Chambéry,https://cths.fr/an/societe.php?id=100665
Société médicale de Dijon,1831-01-01T01:00:00Z,Dijon,https://cths.fr/an/societe.php?id=100776
Société médicale de l'Élysée,1845-01-01T01:00:00Z,Paris,https://cths.fr/an/societe.php?id=4669
Société médicale de l'Yonne,1858-01-01T01:00:00Z,Auxerre,https://cths.fr/an/societe.php?id=4251
Société médicale de Reims,1865-01-01T01:00:00Z,Reims,https://cths.fr/an/societe.php?id=4501
Société médicale de Tours,1801-01-01T01:00:00Z,Tours,https://cths.fr/an/societe.php?id=4523
Société médicale des hôpitaux de Lyon,1869-01-01T01:00:00Z,Lyon,https://cths.fr/an/societe.php?id=100506
Société médicale des hôpitaux de Paris,1849-01-01T01:00:00Z,Paris,https://cths.fr/an/societe.php?id=100331
Société médicale du Temple,1832-01-01T01:00:00Z,Paris,https://cths.fr/an/societe.php?id=4451
Société médicale et anatomoclinique de Lille,1878-01-01T01:00:00Z,Lille,https://cths.fr/an/societe.php?id=4481
Société médicale homéopathique,1833-01-01T01:00:00Z,Paris,https://cths.fr/an/societe.php?id=100490
Société médico-chirurgicale de Paris,1806-01-01T01:00:00Z,Paris,https://cths.fr/an/societe.php?id=4452
Société médico-psychologique (SMP),1847-01-01T01:00:00Z,Boulogne-Billancourt,https://cths.fr/an/societe.php?id=100277
Société médico-scientifique de l'île de Corse,1834-01-01T01:00:00Z,Corte,https://cths.fr/an/societe.php?id=100350
Société musicale de Honfleur,1868-01-01T01:00:00Z,Honfleur,https://cths.fr/an/societe.php?id=1861
Société mycologique de France (SMF),1884-01-01T01:00:00Z,Paris,https://cths.fr/an/societe.php?id=1894
Société nantaise d'horticulture (SNH),1828-01-01T01:00:00Z,Nantes,https://cths.fr/an/societe.php?id=100341
Société nationale académique de Cherbourg (SNAC,1755-01-01T01:00:00Z,Cherbourg,https://cths.fr/an/societe.php?id=1764
"Société nationale d'agriculture, sciences et arts de Douai  (SASA)",1799-01-01T01:00:00Z,Douai,https://cths.fr/an/societe.php?id=1316
Société nationale d'éducation de Lyon,1000-01-01T01:00:00Z,Lyon,https://cths.fr/an/societe.php?id=100057
Société nationale d'horticulture de France (SNHF),1827-01-01T01:00:00Z,Paris,https://cths.fr/an/societe.php?id=525
Société nationale de médecine et des sciences médicales de Lyon,1789-01-01T01:00:00Z,Lyon,https://cths.fr/an/societe.php?id=2864
Société nationale de protection de la Nature  (SNPN),1854-01-01T01:00:00Z,Paris,https://cths.fr/an/societe.php?id=100325
Société nationale des antiquaires de France (SNAF),1804-01-01T01:00:00Z,Paris,https://cths.fr/an/societe.php?id=410
Société nationale des beaux-arts (SNBA),1861-01-01T01:00:00Z,Paris,https://cths.fr/an/societe.php?id=100065
Société nationale des sciences naturelles et mathématiques de Cherbourg (Société des sciences),1870-01-01T01:00:00Z,Cherbourg-en-Cotentin,https://cths.fr/an/societe.php?id=1500
Société neuchâteloise de géographie (SNG),1884-01-01T01:00:00Z,Neuchâtel-Urtière,https://cths.fr/an/societe.php?id=3209
Société neuchateloise de sciences naturelles (SNSN),1832-01-01T01:00:00Z,Neuchâtel-Urtière,https://cths.fr/an/societe.php?id=3158
"Société nivernaise des lettres, sciences et arts",1851-01-01T01:00:00Z,Nevers,https://cths.fr/an/societe.php?id=108
Société normande de géographie,1879-01-01T01:00:00Z,Rouen,https://cths.fr/an/societe.php?id=2832
Société orientale de Paris,1841-01-01T01:00:00Z,Paris,https://cths.fr/an/societe.php?id=100569
Société orientaliste,1840-01-01T01:00:00Z,Paris,https://cths.fr/an/societe.php?id=100215
Société parisienne d'histoire et d'archéologie,1865-01-01T01:00:00Z,Paris,https://cths.fr/an/societe.php?id=4942
Société philarmonique de Honfleur,1865-01-01T01:00:00Z,Honfleur,https://cths.fr/an/societe.php?id=1857
Société philomathique de Bordeaux (Philomathique Bordeaux),1856-01-01T01:00:00Z,Bordeaux,https://cths.fr/an/societe.php?id=2824
Société philomathique de Paris,1788-01-01T01:00:00Z,Paris,https://cths.fr/an/societe.php?id=1896
Société philomathique de Verdun,1822-01-01T01:00:00Z,Verdun,https://cths.fr/an/societe.php?id=2594
Société philomatique vosgienne,1875-01-01T01:00:00Z,Saint-Dié-des-Vosges,https://cths.fr/an/societe.php?id=881
Société philotechnique ,1795-01-01T01:00:00Z,Paris,https://cths.fr/an/societe.php?id=100746
Société photographique de Toulouse,1875-01-01T01:00:00Z,Toulouse,https://cths.fr/an/societe.php?id=100366
Société phrénologique de Paris,1831-01-01T01:00:00Z,Paris,https://cths.fr/an/societe.php?id=100757
Société polymathique du Morbihan (SPM),1826-01-01T01:00:00Z,Vannes,https://cths.fr/an/societe.php?id=1578
Société pomologique de France,1856-01-01T01:00:00Z,Lyon,https://cths.fr/an/societe.php?id=100370
Société positiviste d'enseignement populaire ,1876-01-01T01:00:00Z,Paris,https://cths.fr/an/societe.php?id=100721
Société positiviste d'enseignement populaire supérieur ,1876-01-01T01:00:00Z,Paris,https://cths.fr/an/societe.php?id=100753
Société positiviste internationale,1857-01-01T01:00:00Z,Paris,https://cths.fr/an/societe.php?id=100732
Société positiviste ou Société positiviste de Paris (SP),1848-01-01T01:00:00Z,Paris,https://cths.fr/an/societe.php?id=100754
Société pour l'instruction élémentaire,1815-01-01T01:00:00Z,Paris,https://cths.fr/an/societe.php?id=2867
Société pour la conservation des monuments historiques d'Alsace (SCMHA),1855-01-01T01:00:00Z,Strasbourg,https://cths.fr/an/societe.php?id=163
"Société protestante de Montpellier, pour l'instruction élémentaire par la méthode d'enseignement mutuel",1815-01-01T01:00:00Z,Montpellier,https://cths.fr/an/societe.php?id=4509
Société Ramond,1865-01-01T01:00:00Z,Bagnères-de-Bigorre,https://cths.fr/an/societe.php?id=257
Société régionale d'horticulture d'Elbeuf,1879-01-01T01:00:00Z,Elbeuf,https://cths.fr/an/societe.php?id=1807
Société royale d'agriculture de Limoges,1759-01-01T01:00:00Z,Limoges,https://cths.fr/an/societe.php?id=100522
Société royale des sciences de Liège (SRSL),1835-01-01T01:00:00Z,Le Liège,https://cths.fr/an/societe.php?id=100551
Société royale des sciences de Montpellier,1706-01-01T01:00:00Z,Montpellier,https://cths.fr/an/societe.php?id=1854
Société savoisienne d'histoire et d'archéologie (SSHA),1855-01-01T01:00:00Z,Chambéry,https://cths.fr/an/societe.php?id=11
Société Schongauer du musée d'Unterlinden,1847-01-01T01:00:00Z,Colmar,https://cths.fr/an/societe.php?id=869
Société scientifique d'Arcachon,1863-01-01T01:00:00Z,Arcachon,https://cths.fr/an/societe.php?id=935
Société scientifique du Bourbonnais,1888-01-01T01:00:00Z,Moulins,https://cths.fr/an/societe.php?id=3239
Société scientifique du Dauphiné,1838-01-01T01:00:00Z,Grenoble,https://cths.fr/an/societe.php?id=2813
Société scientifique et artistique de Clamecy (SSAC),1876-01-01T01:00:00Z,Clamecy,https://cths.fr/an/societe.php?id=1045
Société scientifique et littéraire d'Alais,1869-01-01T01:00:00Z,Alès,https://cths.fr/an/societe.php?id=100245
Société scientifique et littéraire de Cannes et arrondissement de Grasse (SSL,1868-01-01T01:00:00Z,Cannes,https://cths.fr/an/societe.php?id=196
Société scientifique et littéraire des Alpes-de-Haute-Provence  (SSLAHP),1878-01-01T01:00:00Z,Digne-les-Bains,https://cths.fr/an/societe.php?id=1675
"Société scientifique, historique et archéologique de la Corrèze",1878-01-01T01:00:00Z,Brive-la-Gaillarde,https://cths.fr/an/societe.php?id=927
Société séricicole pour la propagation et l'amélioration de l'industrie de la Soie en France,1837-01-01T01:00:00Z,Paris,https://cths.fr/an/societe.php?id=100355
Société vétérinaire pratique de France (SVPF),1879-01-01T01:00:00Z,Paris,https://cths.fr/an/societe.php?id=1232
Société zoologique de France  (SZF),1876-01-01T01:00:00Z,Paris,https://cths.fr/an/societe.php?id=1433
Société zoologique des Alpes,1854-01-01T01:00:00Z,Grenoble,https://cths.fr/an/societe.php?id=100457
Souvenir français du département des Pyrénées-Orientales,1887-01-01T01:00:00Z,Perpignan,https://cths.fr/an/societe.php?id=3261
Subside positiviste,1848-01-01T01:00:00Z,Paris,https://cths.fr/an/societe.php?id=100761
Union géographique du nord de la France,1880-01-01T01:00:00Z,Douai,https://cths.fr/an/societe.php?id=2956
Union internationale des architectes (UIA/CPIA/),1867-01-01T01:00:00Z,Paris,https://cths.fr/an/societe.php?id=4638
